"beta"	"gamma"	"sample_size"	"not_beta"	"not_gamma"	"not_r0"	"jitter_beta"	"jitter_gamma"	"jitter_r0"
0.2	0.05	192	0.194698164601509	0.0525314878616069	3.70631353740518	0.196244055565984	0.0526505660069808	3.72729241960978
0.2	0.1	156	0.206960391619518	0.102042974537109	2.02816894115778	0.208129412666393	0.102600526263235	2.02854137543515
0.2	0.2	26	0.201606316941488	0.192892455344011	1.04517471449019	0.203180379737917	0.194208566407449	1.04619679500463
0.3	0.05	200	0.285823123734012	0.0465986468178603	6.13372154026718	0.284485624327899	0.0465631703752779	6.10967041193878
0.3	0.1	187	0.278225008128899	0.109149531091338	2.54902614190871	0.277782404547733	0.10915240024589	2.54490422493658
0.3	0.2	121	0.30293154948429	0.198274364709881	1.52784022244906	0.302916911283151	0.19768010764344	1.53235909720126
0.4	0.05	200	0.441168921326801	0.0460165281110473	9.5871839844625	0.438522989842639	0.0459772383903842	9.53782795998362
0.4	0.1	198	0.432615155475863	0.0973196576725249	4.44530083461234	0.433205097715954	0.0975610809372928	4.44034745775722
0.4	0.2	148	0.381221423514161	0.198663513670583	1.91893023771989	0.37494692694657	0.196920483882857	1.90405243554864
0.5	0.05	200	0.509705070016132	0.0511067684025307	9.97333789531667	0.507891957788783	0.0512165981820904	9.91655002120747
0.5	0.1	197	0.476049452507734	0.103048907304428	4.61964580664	0.479742643173963	0.10282376040813	4.66567883988835
0.5	0.2	169	0.451551000291184	0.213488467166747	2.11510722936849	0.454378569261141	0.215075243404062	2.11264933178524
0.2	0.05	191	0.197054445550561	0.0541482228373096	3.63916736736899	0.197129297672791	0.0541877815720878	3.63789201096087
0.2	0.1	160	0.195977902333573	0.0944794103466543	2.07429218296887	0.198249262879982	0.0955940630460956	2.07386585068977
0.2	0.2	79	0.224476306444646	0.176210902843607	1.27390702176855	0.232156099221444	0.181707274070698	1.27763789539387
0.3	0.05	199	0.269720513429195	0.0506807526115072	5.32195161932056	0.270510323728868	0.0507769557727583	5.32742303298922
0.3	0.1	171	0.269523332244154	0.108808884399466	2.47703423972866	0.268929388483361	0.108551123436761	2.47744454381472
0.3	0.2	115	0.301553252525492	0.201648147238248	1.49544271373447	0.302806380618486	0.202489739300605	1.49541592410743
0.4	0.05	199	0.334149221105027	0.0571385944203604	5.84804761991062	0.333278707920599	0.0572889822070097	5.81750094139079
0.4	0.1	198	0.426796307090667	0.114087211932389	3.74096535327375	0.428680798669183	0.114825825384861	3.73331345307012
0.4	0.2	170	0.460042211835854	0.193686902510718	2.3751849292463	0.458856371150149	0.193570483371813	2.37048729308989
0.5	0.05	200	0.51704151039399	0.0522253890818603	9.90019451235791	0.518108758964595	0.0521414898775537	9.93659291633771
0.5	0.1	198	0.490774068782194	0.104516305100541	4.69566990825105	0.491868163330658	0.10494607295071	4.68686583024096
0.5	0.2	160	0.442322531761386	0.206700353372329	2.13992150736497	0.439113859419537	0.206196816454643	2.12958602838627
0.2	0.05	197	0.210650623480196	0.0460992238383625	4.5695047755858	0.208691509369393	0.0459072165324391	4.5459412513483
0.2	0.1	161	0.198589687589081	0.102321282247084	1.94084439940393	0.199109232733882	0.102353784095375	1.94530406954322
0.2	0.2	18	0.191121759911764	0.192622465369915	0.992209083944241	0.187425993475402	0.188971572231443	0.991821104424386
0.3	0.05	199	0.285142822439043	0.0478341693855846	5.96106979804637	0.284679877993114	0.0478626836324942	5.94784613790114
0.3	0.1	187	0.316768247160127	0.0971821670098176	3.25953060017818	0.317623538564655	0.0972443769468706	3.26624066642114
0.3	0.2	127	0.332442561845951	0.208454307992193	1.59479823203462	0.328648644564366	0.206076752423481	1.59478757647055
0.4	0.05	200	0.351781147000715	0.0478719764361894	7.3483731650315	0.355084165711271	0.0479033573773166	7.41251104623853
0.4	0.1	193	0.396795706670706	0.0991046472377177	4.00380524758774	0.394492932770146	0.0989792785953523	3.98561131550488
0.4	0.2	157	0.405380788629744	0.195329850166938	2.07536527716213	0.410704853923079	0.197578829568404	2.07868856607883
0.5	0.05	200	0.65036970302576	0.0506583711252813	12.8383461327123	0.655332935606132	0.0508087277009686	12.8980386886098
0.5	0.1	198	0.482329002649961	0.105745304040983	4.56123330510289	0.488428414012087	0.106199143838276	4.59917468596437
0.5	0.2	186	0.496631931790401	0.175774742439373	2.82538847674146	0.493873388528166	0.173743149511054	2.84254884246095
0.2	0.05	190	0.204414495452147	0.0577171513036598	3.54165946923969	0.204662664354374	0.0576440790166203	3.55045423304212
0.2	0.1	154	0.195794639159189	0.0992176202408676	1.97338576236624	0.195117708384266	0.0986596569459873	1.97768484529686
0.2	0.2	15	0.22984390150752	0.235250879251219	0.977016120998535	0.229022153150309	0.234573456369248	0.976334478312839
0.3	0.05	200	0.285228629381747	0.0474021661790387	6.0172066463046	0.283585175386652	0.0473767368926007	5.98574730947631
0.3	0.1	168	0.276799672402884	0.114401077985386	2.41955475662775	0.275798381154008	0.114265290752792	2.41366717169333
0.3	0.2	127	0.289856941130113	0.186791090518186	1.55177069915919	0.290903393040226	0.186670249856722	1.55838111998836
0.4	0.05	199	0.351797034876828	0.0513489437416493	6.85110557768852	0.351396286358105	0.0514885410305254	6.82474739670283
0.4	0.1	196	0.405516606421158	0.0958363821664165	4.23134301665304	0.407166727113105	0.0964943371295398	4.21959193902228
0.4	0.2	156	0.380928537616877	0.199009832868483	1.91411917756152	0.379791224913809	0.196924393402458	1.92861442075194
0.5	0.05	200	0.49725000762333	0.0498011680919446	9.98470571423727	0.491922437074852	0.0497041865827383	9.89700206150624
0.5	0.1	199	0.495670312937191	0.10378101335252	4.77611748936692	0.498516675888222	0.104090794971859	4.78924842511766
0.5	0.2	168	0.453272334366525	0.199269626198616	2.27466846309402	0.454693110817158	0.201046454791566	2.26163207547509
0.2	0.05	192	0.203771912978916	0.0502855490701114	4.0522956743458	0.203804436622625	0.0502347283720915	4.05704267201434
0.2	0.1	157	0.207934030528851	0.105723543897066	1.96677128730472	0.209295469298961	0.106444028659987	1.96624904124506
0.2	0.2	57	0.207585821433436	0.176180511073173	1.17825643806436	0.207310687300622	0.176064276818095	1.17747160893297
0.3	0.05	200	0.302370856467089	0.0545180068744143	5.54625661872818	0.301945462137088	0.0545838957945079	5.53176825768946
0.3	0.1	183	0.270140160274595	0.104945561446709	2.57409800424738	0.268554915380673	0.104249978718117	2.57606686047221
0.3	0.2	149	0.345784252205561	0.191484782248648	1.80580539166058	0.352967469911952	0.196977067520057	1.7919216401981
0.4	0.05	200	0.455219861136048	0.0469849813809089	9.68862491283257	0.45431303809675	0.0469050808119858	9.68579587183355
0.4	0.1	200	0.433546789001663	0.0964028348976553	4.49724107659212	0.435337208779857	0.0961931064394701	4.52565911314855
0.4	0.2	161	0.388598326870592	0.18628860531189	2.08600158995226	0.38628189671189	0.186116531572559	2.07548407144744
0.5	0.05	200	0.542822086295229	0.0483339850148509	11.2306503618198	0.541738484899917	0.0482456765772803	11.2287467672291
0.5	0.1	198	0.512651986944195	0.0934512132893572	5.4857713335069	0.509355932602827	0.0931960121965591	5.46542626232276
0.5	0.2	188	0.557763060544243	0.1946728251541	2.86513055996761	0.569976149072664	0.196761524039827	2.89678661442617
0.2	0.05	198	0.199221596949357	0.0486364193980293	4.09614028777434	0.200013814735956	0.0485716320484165	4.11791422895942
0.2	0.1	142	0.182963031460133	0.11129329651987	1.64397171421252	0.182271178699802	0.111153839247237	1.6398100140687
0.2	0.2	18	0.147166835029272	0.147005570518907	1.00109699591516	0.144602422696666	0.144375600282964	1.00157105780518
0.3	0.05	200	0.335880544060226	0.0466339886357712	7.20248372241067	0.334126780550587	0.0466061050763689	7.16916335323635
0.3	0.1	196	0.345716250666984	0.0968545538595241	3.5694372323309	0.344060415529262	0.0962828213800184	3.57343512163287
0.3	0.2	18	0.279323509156447	0.279694602377189	0.998673219942079	0.278784376205267	0.27923857876307	0.998373424761668
0.4	0.05	200	0.352938402412405	0.0452831916082169	7.79402665487832	0.355783508559109	0.0452049460251986	7.87045533382088
0.4	0.1	197	0.386056423401505	0.101091369505712	3.81888607592453	0.390314563734157	0.10136503257706	3.85058391252852
0.4	0.2	158	0.443493694104092	0.209360230122146	2.11832827010817	0.4461244916466	0.211438519781899	2.10994899182411
0.5	0.05	200	0.486349274104101	0.0530020478590136	9.17604684629921	0.48663453056579	0.0531468643971449	9.15641093949341
0.5	0.1	199	0.496533037958893	0.0950093716398698	5.22614800401993	0.490111494952627	0.0943701227262273	5.19350278238449
0.5	0.2	166	0.460406286150658	0.21711636076563	2.12055086280509	0.460047352498854	0.215937363712283	2.13046665287544
0.2	0.05	199	0.201589959336713	0.0468259770824923	4.30508815612275	0.201032886413507	0.0467351393232761	4.3015360459915
0.2	0.1	176	0.207129730243559	0.0913348015613362	2.26780730567921	0.20661249432883	0.0909758659832824	2.27106927860183
0.2	0.2	74	0.232076294667387	0.185299492327189	1.25243891255569	0.231786590664302	0.185169361291615	1.25175455079348
0.3	0.05	200	0.315613129217227	0.0523910399879849	6.024181411356	0.314706806897346	0.0521986190194895	6.02902553379512
0.3	0.1	182	0.257894862251446	0.103058041526938	2.50242347351453	0.258358949268906	0.103242673906506	2.50244341310716
0.3	0.2	120	0.315880057528311	0.203601654264488	1.55146115422995	0.318040884297782	0.204985499782207	1.55152869171573
0.4	0.05	200	0.418350502060388	0.0465539112764683	8.98636635654397	0.415615286617122	0.0464940456717359	8.93910780643848
0.4	0.1	200	0.391533711751295	0.0968252442581848	4.04371519794228	0.395981416551137	0.0976283913812719	4.05600677168485
0.4	0.2	21	0.257719529637546	0.25284543664315	1.01927696643098	0.257092175914014	0.252290768428815	1.01903124523779
0.5	0.05	200	0.491257667992333	0.0504950966567259	9.72881924223225	0.487916075650478	0.0503422478241257	9.69198032942526
0.5	0.1	197	0.473292634370978	0.103646189894251	4.56642578809576	0.474566353570914	0.104114509370535	4.55811929038604
0.5	0.2	178	0.535779363994787	0.223222947049311	2.40019841632335	0.538981613948146	0.223169704290185	2.41511998979626
0.2	0.05	198	0.203002732628116	0.0483511120666119	4.19851217379334	0.20302813999614	0.0483472793301222	4.19937052941148
0.2	0.1	146	0.200958530505734	0.114534697586532	1.75456464058769	0.200808782776538	0.114594744785453	1.75233849643364
0.2	0.2	70	0.251946124669982	0.205176907278167	1.22794581521013	0.252847231709161	0.205629783424033	1.22962358613081
0.3	0.05	199	0.306403101153339	0.0498045033717361	6.15211638325906	0.30694281866586	0.0497556218575026	6.169007786596
0.3	0.1	192	0.311692233891834	0.0938700542684581	3.32046504416018	0.313816325159815	0.0939331816183495	3.34084633090414
0.3	0.2	146	0.36203258180365	0.200923908091982	1.80183923974798	0.353891958055632	0.196862205617995	1.79766327896554
0.4	0.05	200	0.415600827518635	0.0455785845490384	9.11833554355963	0.411758359147443	0.045683122194222	9.0133585309001
0.4	0.1	196	0.485117447453742	0.105652488275005	4.59163295985061	0.479610306617254	0.105378151974809	4.55132584534133
0.4	0.2	165	0.427919209799561	0.195604129055344	2.18767984022713	0.424843106801412	0.193406366327576	2.19663455173883
0.5	0.05	200	0.500091786047398	0.0515353353560541	9.70386207040855	0.499499556767966	0.0514687795823185	9.7049038430972
0.5	0.1	198	0.461384585464864	0.109875253716718	4.19916741811958	0.466604133733414	0.110455227860995	4.22437346578673
0.5	0.2	189	0.575032620402708	0.20161618998234	2.85211530112277	0.569935739997913	0.200409624667332	2.84385413596763
0.2	0.05	193	0.206487829367654	0.0532683201285427	3.87637208887713	0.206796429158798	0.0531711674681551	3.88925876571454
0.2	0.1	183	0.211754283059357	0.0790510895600271	2.67870163761073	0.209489502384592	0.0783374490786017	2.67419356704346
0.2	0.2	53	0.206897158307673	0.179586548828526	1.15207491684259	0.20255202071365	0.175976954555417	1.15101446791923
0.3	0.05	200	0.312645714433187	0.0512321468554951	6.10253002504527	0.312257586148437	0.0512542842005848	6.0923216667393
0.3	0.1	182	0.286947994903841	0.101432654117472	2.82895086794751	0.285391597951253	0.100973273127677	2.82640731662117
0.3	0.2	120	0.284856540632422	0.184337296929026	1.54530062758867	0.283480171389232	0.183162827194335	1.54769488837634
0.4	0.05	200	0.375345723037681	0.0506399740039935	7.41204414931338	0.37810331811307	0.0507556612253824	7.44948068815592
0.4	0.1	194	0.37409373172785	0.109920724749664	3.40330481426336	0.373267029046636	0.109646840297717	3.40426616976037
0.4	0.2	147	0.358924945222886	0.19592138311767	1.83198454151029	0.352977394312215	0.194112244258321	1.81841900628628
0.5	0.05	200	0.574217659289449	0.0536386262066238	10.7053013825797	0.567437179501209	0.0535804379506189	10.5903796460972
0.5	0.1	200	0.473793386315217	0.0911085781189576	5.20031588789147	0.475303153219292	0.0914616507821986	5.19674802668007
0.5	0.2	167	0.462867334006831	0.229359761075704	2.01808430491892	0.457682602948744	0.227498693713636	2.01180321292241
0.2	0.05	188	0.190546809729929	0.0553764459403454	3.44093606034589	0.190544460557056	0.055316581605967	3.44461741895675
0.2	0.1	157	0.194467339787022	0.0988201677138489	1.96789121376657	0.193439701572993	0.0982431644083472	1.96898891376261
0.2	0.2	15	0.332644949370851	0.339741104587995	0.979113050727996	0.357316933870664	0.364313850490575	0.980794261292868
0.3	0.05	199	0.297890632389779	0.0500452638324051	5.9524240572969	0.300792378163653	0.0501829552246803	5.99391520122596
0.3	0.1	196	0.31682041488828	0.096735996821367	3.27510363565407	0.317243223300446	0.0974254072325327	3.25626787007682
0.3	0.2	129	0.292738347203556	0.193995480845308	1.50899570406481	0.293665626378432	0.194628061498363	1.50885552739733
0.4	0.05	200	0.393471535171029	0.044489505399279	8.84414271724868	0.393124501904582	0.0445085259333654	8.83256620300427
0.4	0.1	195	0.373257088271484	0.0903707636667122	4.13028587041775	0.37005729095178	0.0902221088526571	4.10162537384407
0.4	0.2	164	0.38859672044364	0.178794039307405	2.17343219018345	0.388465012893891	0.179407811559045	2.16526253521599
0.5	0.05	200	0.488870723666993	0.0471275829760334	10.3733459854202	0.486356071858193	0.047107435741277	10.3244013223168
0.5	0.1	200	0.475543991642019	0.09231242686815	5.1514623520974	0.479105088220605	0.0923006780975666	5.19069954951107
0.5	0.2	189	0.593522835635728	0.214913510362875	2.76168229086009	0.59515985008264	0.21486056228465	2.76998181403884
0.2	0.05	197	0.192408333664993	0.0484333384833998	3.97264239240785	0.192864417532375	0.0484044207529446	3.98443808504087
0.2	0.1	162	0.213065923212253	0.106899038635944	1.99315097620169	0.21365571174218	0.107061261816233	1.99563976846185
0.2	0.2	17	0.234220572164062	0.23677397534597	0.98921586218174	0.240728414956907	0.243359664340992	0.989187816349063
0.3	0.05	200	0.292987757257788	0.0541540394746733	5.41026597646167	0.290190388825218	0.0539874402167846	5.37514628698766
0.3	0.1	188	0.285679182145936	0.097290262088385	2.93635946716236	0.288341273515139	0.0983616760864886	2.93143920465124
0.3	0.2	52	0.278182814807157	0.240958744427378	1.15448316876086	0.290150412939016	0.252120301832731	1.15084112953155
0.4	0.05	200	0.405056425789612	0.047220724032728	8.57793763409628	0.405013503889466	0.0472792413993331	8.56641290981414
0.4	0.1	198	0.453813470040002	0.100277790093641	4.5255631343314	0.449808362792405	0.100031540774621	4.49666534484217
0.4	0.2	127	0.396605249458892	0.239862522160273	1.65346902003259	0.397502391107953	0.240799432840284	1.65076132621793
0.5	0.05	200	0.507851969630003	0.0467752382185908	10.8572823778406	0.507118445434681	0.0470116974670204	10.7870694477781
0.5	0.1	199	0.520601518018654	0.0946914156190619	5.49787448645824	0.52855440316704	0.0952907360291146	5.54675538454807
0.5	0.2	191	0.551093969543721	0.184556725730067	2.98604110667714	0.551240443309246	0.186161610574963	2.96108548699559
0.2	0.05	194	0.200344209854666	0.0504352391152154	3.97230613692532	0.19903753820957	0.0504294189823459	3.94685368632244
0.2	0.1	178	0.229805341222379	0.0903568237839349	2.54330920010978	0.231029874832304	0.0904847130526298	2.55324758225102
0.2	0.2	51	0.209526571149072	0.18288729970255	1.14565949352332	0.208950043322011	0.182102313287288	1.14743211961491
0.3	0.05	200	0.285209006880159	0.0494072669716216	5.77261249937133	0.283817627822238	0.0494723596746865	5.73689287692212
0.3	0.1	194	0.303526196929278	0.0889540521603329	3.41216829990156	0.301598214032108	0.0885784100350055	3.40487274396682
0.3	0.2	129	0.335738176824554	0.201288198248476	1.6679476479297	0.332426666877489	0.200175805634842	1.66067355554396
0.4	0.05	200	0.394517998312689	0.0485863243157034	8.11993917772411	0.396607980617328	0.0486420127130376	8.15360957526795
0.4	0.1	197	0.420595094977093	0.108985063835495	3.85919941848134	0.42044390166083	0.109083420518457	3.85433368024696
0.4	0.2	168	0.413639286131025	0.175514382295887	2.35672587465624	0.416146350328044	0.176694180528346	2.35517858643502
0.5	0.05	200	0.524989925966909	0.049809790899325	10.53989419526	0.527972831291401	0.0498354525077339	10.5943220082022
0.5	0.1	199	0.545351892728932	0.0904691685159937	6.02804139437317	0.542010144648323	0.0904072823129068	5.99520448775778
0.5	0.2	189	0.505439686575262	0.176918684472152	2.85690393913606	0.499561846142322	0.174616026159202	2.86091636106103
0.2	0.05	195	0.214906933298178	0.0481393717507298	4.46426543352053	0.215145464322511	0.048089252570737	4.47387831628372
0.2	0.1	158	0.200501859076913	0.101628878406843	1.97288272998802	0.200065711947362	0.101084821228514	1.97918648433963
0.2	0.2	11	0.167526637669983	0.17807799179367	0.940748690967312	0.165226966380811	0.175698008026943	0.940403185194182
0.3	0.05	199	0.267132925609305	0.0552950286790731	4.83104778116163	0.266071430383648	0.0551989672133308	4.82022479433983
0.3	0.1	176	0.271372161624057	0.10974428149873	2.47276812894526	0.270137529825802	0.109433376988197	2.46851131949385
0.3	0.2	100	0.29306671985162	0.20705214737368	1.41542468198943	0.295371178889643	0.20867969239879	1.41542847554703
0.4	0.05	199	0.368013146960395	0.0504411318637179	7.29589391361587	0.369027629493323	0.0505872868642924	7.29486897534736
0.4	0.1	197	0.427485694140452	0.093847572962541	4.55510654826504	0.424644731210097	0.0933299629923224	4.54992927882153
0.4	0.2	148	0.424141727397637	0.221227166553354	1.91722261784402	0.41789024018436	0.217293247186731	1.92316257221397
0.5	0.05	200	0.477686764738487	0.0478161390709415	9.99007393779278	0.482695070651505	0.0478282709936539	10.0922542384096
0.5	0.1	196	0.428792632921929	0.100313800314652	4.27451289430711	0.42893770872071	0.100650452448891	4.26165703466181
0.5	0.2	184	0.54408600224432	0.193644386051825	2.80971740693121	0.537089880567115	0.192205019466485	2.79435928394559
0.2	0.05	198	0.201049754438355	0.0459983973842113	4.37079911195697	0.199859342337477	0.0459465802026914	4.34981975711371
0.2	0.1	171	0.218362501937139	0.101180645326458	2.15814498150902	0.21893309601635	0.10131347392423	2.16094747851689
0.2	0.2	18	0.312935722163218	0.311082397285641	1.00595766553732	0.33019809547067	0.328471897616815	1.00525523756029
0.3	0.05	200	0.288005900975156	0.0537030463293064	5.36293414733137	0.285016652645922	0.0533499122799615	5.34240152355369
0.3	0.1	193	0.335061905002293	0.106322807437124	3.15136435049871	0.334908520013761	0.106563643099663	3.14280283849285
0.3	0.2	64	0.281725461560265	0.23282886330497	1.21001089624892	0.28043444531764	0.23193014315662	1.20913323943523
0.4	0.05	200	0.404649186750735	0.0470971720100937	8.59179372094807	0.402140946877236	0.047075549098111	8.54245897459693
0.4	0.1	197	0.357991690732565	0.10380244571155	3.44877895967273	0.361380418989656	0.104161926726373	3.46940989233983
0.4	0.2	152	0.377584069380529	0.196235043612936	1.92414189855556	0.374968470798075	0.194156606829732	1.93126814956603
0.5	0.05	200	0.498765683177495	0.0463950172013987	10.7504148777955	0.499052524240917	0.0462278426144007	10.7954967399983
0.5	0.1	200	0.543434694193496	0.0885954753794251	6.13388767164627	0.543848689674873	0.0889611997824484	6.11332458425511
0.5	0.2	190	0.549380208733485	0.18445454154112	2.97840434907921	0.553834067806133	0.18304771774221	3.02562673076377
0.2	0.05	199	0.195201329836289	0.0444492647765258	4.39155362451299	0.195488643603953	0.0444727593661032	4.3956940471059
0.2	0.1	158	0.196021041662848	0.0978565122385043	2.00314764116146	0.196475661298131	0.0983107909629776	1.99851572114928
0.2	0.2	11	0.16571186875304	0.175721009960517	0.943039587527267	0.167303459761003	0.177352846651018	0.943336760137885
0.3	0.05	200	0.293994626859748	0.0519605753768763	5.65803255116729	0.294916922735584	0.0520823683712668	5.66250982738117
0.3	0.1	183	0.354084708456887	0.1232141995461	2.87373297689126	0.355197779554412	0.123615433374258	2.87340965329964
0.3	0.2	32	0.268758062254699	0.249900752019606	1.07545919763224	0.267027995528324	0.248507428322396	1.074527217681
0.4	0.05	200	0.426402175565823	0.0496699939751387	8.58470358943972	0.428233454047439	0.0496974566168038	8.61680824733883
0.4	0.1	195	0.342145298612572	0.0945361468607393	3.61920080280598	0.342446928014437	0.0946291961372737	3.61882951555107
0.4	0.2	172	0.399964598823422	0.185202268678748	2.15960960779158	0.39676062898383	0.183744332274493	2.15930812163019
0.5	0.05	200	0.523752844942416	0.0484932747292912	10.8005253896796	0.522029492339692	0.0485831853443612	10.7450651627617
0.5	0.1	200	0.523396111114937	0.0993069013737699	5.2704908105529	0.526784866273233	0.0991885889460468	5.31094223509697
0.5	0.2	183	0.564249738290922	0.21093205851916	2.67503072909929	0.567093103404849	0.210871125228457	2.68928760535831
0.2	0.05	196	0.192965795566588	0.0458442636574085	4.20915901297074	0.192685036336734	0.0456676294450435	4.21929140352274
0.2	0.1	174	0.203112051173938	0.088366415630706	2.29852087723879	0.202965276273546	0.0884896732350722	2.29366059172092
0.2	0.2	48	0.220026185764041	0.193012486762176	1.13995829728442	0.221968921561748	0.195031116710825	1.1381205486859
0.3	0.05	200	0.329156084985105	0.0561744162800214	5.85953725525708	0.329757377566813	0.0559961172183279	5.88893291084978
0.3	0.1	189	0.333967008205467	0.0980142743841715	3.40733031289369	0.329344088083545	0.0970026342431867	3.39520767299861
0.3	0.2	70	0.281627644263349	0.232775235002595	1.20986944448884	0.27819217890635	0.230674439109296	1.205994821015
0.4	0.05	200	0.389236596020609	0.0519999884269372	7.48532082016724	0.393225637873726	0.0519254021834477	7.57289537179695
0.4	0.1	197	0.417584838550807	0.093517872761308	4.46529445357079	0.413975762271969	0.0935583087461747	4.4247888596949
0.4	0.2	168	0.399200406388272	0.181435537314024	2.20023272341265	0.401629565400965	0.182253688411444	2.20368415532021
0.5	0.05	200	0.556414122694178	0.0486092831805388	11.4466638116759	0.557003627708912	0.0487691875950029	11.4212201428179
0.5	0.1	199	0.509539324295382	0.103636944777451	4.91657994540035	0.512914887559051	0.103409952775794	4.96001471609909
0.5	0.2	183	0.518491174514835	0.205275748001607	2.52582771984723	0.512096484753412	0.203056221866071	2.52194431693491
0.2	0.05	193	0.205379756164597	0.0555368518884414	3.69808062900558	0.205371529436456	0.0554839755621391	3.70145663420334
0.2	0.1	17	0.11475076255999	0.11528417313305	0.995373080635756	0.114450789218101	0.115032496812737	0.994943102073298
0.2	0.2	17	0.215014867093963	0.215184023628635	0.999213898263361	0.211554745713091	0.21153302910684	1.0001026629569
0.3	0.05	200	0.276907499369675	0.0603378105306381	4.58928650102522	0.277637589318145	0.0605707955433333	4.58368735011113
0.3	0.1	194	0.322552210135594	0.0995054069713396	3.24155460444977	0.32702356649955	0.100502548170998	3.253883333815
0.3	0.2	131	0.279060171679263	0.17138886045719	1.62822817617699	0.282028108668452	0.173191310956533	1.62841950390476
0.4	0.05	200	0.418846312487579	0.0470864320239402	8.89526546149481	0.418176720173401	0.0470501796301376	8.88788785634181
0.4	0.1	195	0.379078256545641	0.0955434200991356	3.96760191494412	0.377161796401183	0.095004605311645	3.96993172240412
0.4	0.2	153	0.401067778545912	0.211388092814597	1.89730544046148	0.407171673695818	0.213523578152164	1.90691668442187
0.5	0.05	200	0.552163142944112	0.0555495451322486	9.94001195922593	0.555138399229361	0.0555929454722851	9.98577057778159
0.5	0.1	200	0.530348275366797	0.0977511362691822	5.42549473702638	0.532356030254953	0.0986232894797852	5.39787339342468
0.5	0.2	169	0.449140515529424	0.209860459466872	2.14018646804842	0.439841509676216	0.205914653967279	2.13603792251769
0.2	0.05	195	0.211607919685006	0.0497603166354581	4.25254367320924	0.210998508121206	0.0497145030490983	4.24420431021553
0.2	0.1	150	0.186813642015827	0.105842761027747	1.76501104281335	0.185763487866072	0.105092972035937	1.76761094740522
0.2	0.2	48	0.221535992087878	0.194831872654232	1.13706237624189	0.227150091677606	0.199758509173726	1.13712348283526
0.3	0.05	200	0.317757792497447	0.046391813243041	6.8494367924951	0.319648941385276	0.0464697078289953	6.87865184264894
0.3	0.1	191	0.307582900972749	0.107940810125768	2.84955153305194	0.30969805100966	0.108853201440236	2.84509823240885
0.3	0.2	124	0.30382337948658	0.196674796448003	1.5448007826814	0.302401274047473	0.19568694642967	1.54533186584398
0.4	0.05	200	0.394042190919214	0.0516124139317014	7.63463982600483	0.39631969502087	0.0517269745334317	7.66176059194656
0.4	0.1	199	0.393773441179369	0.0783643425443102	5.02490582316458	0.393329584281327	0.0782926297174997	5.02383922599819
0.4	0.2	168	0.395384917279652	0.185166742299931	2.13529121033631	0.391894755717455	0.18480928403315	2.12053608544449
0.5	0.05	200	0.485814160396277	0.0548588638185211	8.85570948030205	0.485140516725765	0.0549503982341795	8.82869883232264
0.5	0.1	200	0.546187913671449	0.100709185340281	5.42341705799689	0.544179471083677	0.100431398859068	5.41841971002819
0.5	0.2	185	0.605350621334426	0.210596102500492	2.87446260470567	0.602718814334708	0.208076968097037	2.89661474716236
0.2	0.05	198	0.21318730407241	0.0491112406906472	4.34090650275528	0.213011935185013	0.0491954497436156	4.32991132909923
0.2	0.1	186	0.227003080671501	0.0876521363543229	2.58981800231165	0.227919262684258	0.0879640405605995	2.59105040232028
0.2	0.2	36	0.211933306827244	0.193668722280097	1.09430838563974	0.214276791232053	0.195574635272231	1.09562669481035
0.3	0.05	200	0.277874857584869	0.0486148619719955	5.71584174701427	0.278226424699801	0.0487097993299991	5.71191892651564
0.3	0.1	186	0.285626255297088	0.0971532729890385	2.93995504741579	0.286003674829978	0.0972738476447426	2.94019082985699
0.3	0.2	150	0.369793134026375	0.19959501967196	1.85271724031061	0.37343329201303	0.202722257361042	1.84209320118194
0.4	0.05	200	0.405610685704877	0.0474690202319874	8.54474526170128	0.398687881095934	0.047284996772078	8.43159370439802
0.4	0.1	197	0.334489539538283	0.0927389923394628	3.60678427811588	0.335702984686768	0.0929019846761666	3.61351790122618
0.4	0.2	116	0.36161433416259	0.242321031622419	1.49229446466724	0.359844923468001	0.241333970550684	1.49106618785119
0.5	0.05	200	0.50921134885959	0.0529781192625219	9.61172944506205	0.507714428924113	0.0530390772785235	9.57245968397899
0.5	0.1	196	0.445421904464626	0.10184420523647	4.37356159273284	0.44645867678524	0.101959141349051	4.37879988864181
0.5	0.2	177	0.49683076578811	0.195577630310543	2.54032511284256	0.498368067320857	0.19337681368323	2.57718626048536
0.2	0.05	192	0.170362547743071	0.0500796464373197	3.40183207875276	0.171043303474293	0.0502601083765027	3.40316224933288
0.2	0.1	155	0.194593724963037	0.107766604608821	1.80569598225153	0.192869462726605	0.107111376740211	1.80064404544433
0.2	0.2	35	0.200375624328763	0.184515766538404	1.08595394360004	0.199835206497985	0.183753663868314	1.08751685430989
0.3	0.05	199	0.270655863061672	0.0507071343666402	5.33762884537476	0.270167012932042	0.0506949862170623	5.32926494496437
0.3	0.1	170	0.265016515169617	0.117918337115068	2.2474580430269	0.263039652316452	0.117744188385423	2.23399265750103
0.3	0.2	107	0.283508283063957	0.203516243814444	1.39304989985195	0.281080271751762	0.202494886051293	1.38808577951229
0.4	0.05	200	0.402724204677106	0.0484379205888137	8.31423396755209	0.403508136402247	0.0485262728714007	8.31525094605106
0.4	0.1	195	0.39374906592903	0.108361959627518	3.63364659777747	0.392878218358403	0.107701050362721	3.64785874450851
0.4	0.2	162	0.412903060093086	0.199764981664863	2.06694414932942	0.415825215586376	0.200455632440226	2.07440025767483
0.5	0.05	200	0.455484986683622	0.0533653673190892	8.53521693123793	0.455534873644504	0.053362654832519	8.53658565291063
0.5	0.1	197	0.483921790394901	0.10060197510229	4.81026132839697	0.479004676269706	0.100104934200736	4.7850256342927
0.5	0.2	189	0.577207328389774	0.207539418128191	2.78119372982558	0.586240469384069	0.211074997143547	2.77740365897236
0.2	0.05	195	0.224492894592075	0.0588751080040635	3.81303580074248	0.224863236342138	0.0588371551724513	3.82178974634421
0.2	0.1	172	0.219826180595006	0.0945298071449671	2.32546947078702	0.217629478683409	0.0938114053999054	2.31986161763256
0.2	0.2	18	0.268059105902541	0.267851936138993	1.00077344881853	0.261084821102338	0.260842771699292	1.00092795135349
0.3	0.05	200	0.319981143248107	0.04846751246676	6.60197164992853	0.318900506816893	0.0485454526952207	6.56911181401526
0.3	0.1	180	0.282502049180612	0.101101173048865	2.79425095338974	0.284843122797814	0.101582938976427	2.80404490820957
0.3	0.2	121	0.308163383033774	0.2022783104219	1.52346231482271	0.306710903004422	0.201931897531066	1.51888288454892
0.4	0.05	199	0.417095004543041	0.0500023696717847	8.34150475829145	0.420212222333426	0.0498763330083174	8.42508253891382
0.4	0.1	196	0.393579042915794	0.0985004912664658	3.99570639552523	0.396257798972074	0.0984018889083139	4.02693285025542
0.4	0.2	160	0.397424485537682	0.19327467420769	2.0562677814198	0.401902513628828	0.195412513904753	2.05668769925718
0.5	0.05	200	0.482525136636726	0.0454233515301086	10.6228431056411	0.484586502240639	0.0453631266662348	10.6823876097882
0.5	0.1	198	0.430195835596735	0.0900776623519602	4.77583259116819	0.436040724596837	0.0903717019157135	4.82496971234996
0.5	0.2	188	0.512671667142231	0.189251011720393	2.70895073416925	0.518052517388057	0.191110243916119	2.71075221700537
0.2	0.05	197	0.192894994737661	0.0495279726959049	3.89466768450247	0.193501130329857	0.0494585897658279	3.91238673092032
0.2	0.1	138	0.191717388326649	0.114821439249475	1.66970027182904	0.193420796026048	0.115512746173936	1.67445413976048
0.2	0.2	22	0.140156896458177	0.137484886557563	1.01943493548649	0.142789720801732	0.140176553187084	1.01864197367701
0.3	0.05	198	0.303421936926397	0.0504093835261329	6.01915587341193	0.306470720351704	0.0503519958071009	6.0865654963469
0.3	0.1	183	0.312146402813609	0.10614015017772	2.9408890254155	0.313434787452795	0.106585166601102	2.94069801125173
0.3	0.2	52	0.224121840742449	0.193656450560433	1.15731668164861	0.225960813303308	0.194883258232151	1.15946754663829
0.4	0.05	200	0.449184628217496	0.0516560949829244	8.69567528025453	0.446812070813989	0.0517049713612746	8.64156886756614
0.4	0.1	197	0.436785428451731	0.0911389256375445	4.79252334165982	0.439601151120593	0.09125268031699	4.81740535832508
0.4	0.2	139	0.394847071771901	0.230577758671617	1.71242479780642	0.392581776483346	0.229567809763665	1.71009069994396
0.5	0.05	200	0.525493420524821	0.0551531416394624	9.52789641540251	0.527619649296213	0.0552242082836456	9.55413695722398
0.5	0.1	200	0.595134116708997	0.0977073863187238	6.09098389724248	0.590091212188264	0.0976911890586089	6.04037291258933
0.5	0.2	178	0.501166651407604	0.20964255798424	2.39057687631001	0.50465202807018	0.209578781023216	2.4079347422785
0.2	0.05	198	0.181485735600039	0.0491398479590819	3.69324983974634	0.1803579824989	0.049081617318599	3.67465442974625
0.2	0.1	137	0.18862238916118	0.110355735197915	1.70922144483837	0.187501596767502	0.110061164815185	1.70361268738483
0.2	0.2	82	0.210819556031827	0.162012813152509	1.30125236349902	0.212259581772392	0.162685408608873	1.30472415189186
0.3	0.05	200	0.347180636900641	0.0589071640270607	5.89369124511161	0.347588800814949	0.0587645213112879	5.91494311633543
0.3	0.1	192	0.338534291110873	0.10693329282313	3.16584556758031	0.339918992434681	0.107412675800131	3.16460780724975
0.3	0.2	24	0.234758094024637	0.226620394264948	1.03590894714522	0.231517468346457	0.223529724688113	1.03573459265648
0.4	0.05	200	0.358112672890222	0.048849662065813	7.33091402777264	0.358176903746361	0.0489055588399388	7.32384849989395
0.4	0.1	196	0.394707553670951	0.096124483973262	4.10621245863585	0.391929129100532	0.0961336324860634	4.076920001513
0.4	0.2	110	0.348779450439549	0.23461962655975	1.48657405841846	0.341005970794373	0.228652347896793	1.49137314325017
0.5	0.05	200	0.459691811207034	0.0451994002077214	10.1703077716616	0.459504889834219	0.04524913994014	10.1549972097171
0.5	0.1	197	0.481772488148608	0.0995938261604882	4.83737302523418	0.482129896225006	0.100020979547801	4.82028768769048
0.5	0.2	167	0.449307801052619	0.218402161882476	2.05724978718112	0.447442563297135	0.217525437214602	2.0569666197508
0.2	0.05	197	0.197628358724717	0.0461336658918471	4.28382082594574	0.196778844581577	0.0459472565459668	4.2827115125952
0.2	0.1	170	0.233974916257237	0.104202695717211	2.24538256565076	0.23422858726861	0.103542135934434	2.2621571899669
0.2	0.2	35	0.182786298797328	0.168908711998027	1.08216027838436	0.179966553171899	0.166365180171999	1.08175612821047
0.3	0.05	200	0.321374216538282	0.057669795322549	5.5726609525979	0.317795177747441	0.0574881939988852	5.52800767673453
0.3	0.1	177	0.257485356385954	0.103865911348906	2.47901696564343	0.257167565967306	0.103914960609131	2.47478865853229
0.3	0.2	152	0.324426415298296	0.176893140078535	1.83402485339037	0.320972827574195	0.176202939393872	1.82160881469017
0.4	0.05	200	0.372513649461838	0.0515940982499046	7.22008256947348	0.36945703633725	0.0515650523952275	7.16487270303722
0.4	0.1	197	0.40916065970626	0.108753222619868	3.76228538198288	0.412359737261741	0.109413563330956	3.76881736329551
0.4	0.2	165	0.431615886989374	0.198277081314873	2.1768319572142	0.430887430776786	0.196948786584484	2.18781460017754
0.5	0.05	200	0.513145101526846	0.0511014582607067	10.0416919397664	0.515662933024468	0.0510898483221392	10.0932562917986
0.5	0.1	198	0.533580141773457	0.110580049336138	4.82528399088969	0.532023522327165	0.110345161574728	4.82144857766933
0.5	0.2	186	0.537152692824697	0.199741271826442	2.68924237796701	0.546219319418885	0.20291694249598	2.69183692943583
0.2	0.05	194	0.17994247081897	0.0487081485743058	3.69429912829599	0.179972305919487	0.0487437528526209	3.6922127531633
0.2	0.1	130	0.179762265669954	0.112575952129104	1.59680875240388	0.181144826677618	0.113722373999978	1.5928688463508
0.2	0.2	67	0.224295936539909	0.184121855782186	1.21819289506428	0.222313868071226	0.183149208921635	1.21384017643422
0.3	0.05	200	0.273360312273907	0.0496554828132866	5.50513854233964	0.275435572509347	0.0497965255672759	5.53122069003046
0.3	0.1	195	0.357150128136486	0.0999128464940035	3.57461668513189	0.35495650802735	0.0994565071794953	3.56896213323415
0.3	0.2	139	0.343487594156149	0.196124810929121	1.75137246801622	0.345028854214466	0.196959801575085	1.7517729580111
0.4	0.05	200	0.418489910681552	0.048472610421498	8.63353359851129	0.414788528138093	0.0484640067957338	8.55869243098996
0.4	0.1	199	0.421037398002238	0.0953580677389343	4.41533063730831	0.42287223962502	0.094935727268518	4.45430031234669
0.4	0.2	156	0.353130033207193	0.178955818677088	1.97328053269052	0.345604081840938	0.174742719510095	1.97778816084508
0.5	0.05	200	0.466079056776932	0.0544730706449995	8.55613702804391	0.466823063720861	0.0543892430812633	8.58300349985341
0.5	0.1	200	0.517379362069579	0.0915869262590205	5.64905257991035	0.513647010405856	0.0913547189842057	5.62255585827658
0.5	0.2	184	0.539764288060998	0.215477554359541	2.50496758080129	0.540652692588025	0.216369015524358	2.49875284258139
0.2	0.05	197	0.190037505593875	0.0465056985853891	4.08632729696443	0.190382078409236	0.0465438936992817	4.09037713173047
0.2	0.1	169	0.191700591032482	0.0902037130250879	2.12519623199065	0.19146548485764	0.0902987455000035	2.12035597834117
0.2	0.2	25	0.201995612445197	0.192674328666168	1.04837844171332	0.196521681762395	0.187448649013235	1.04840276415393
0.3	0.05	199	0.26789684669589	0.0431009478336002	6.2155674100291	0.268055774830216	0.0431240209295244	6.21592720373379
0.3	0.1	189	0.273479303739135	0.0939167296730889	2.91193384491856	0.273361627121688	0.0938863281055084	2.91162337091815
0.3	0.2	133	0.284634822649707	0.173988867128841	1.63593698462862	0.285980237979467	0.174279833802914	1.64092558352373
0.4	0.05	200	0.389506810625179	0.0470172943241474	8.28433061119669	0.388171204837848	0.0471744597668237	8.22841865612283
0.4	0.1	197	0.406881590366937	0.0977105262333602	4.1641530964145	0.406385747881602	0.0973594310319091	4.1740768570064
0.4	0.2	149	0.375113431410984	0.20246552281445	1.85272744809375	0.372922305932561	0.202883003170197	1.83811507176734
0.5	0.05	200	0.533752115836938	0.0544273540328347	9.80668866458102	0.535806854825045	0.0545328002507906	9.82540512060496
0.5	0.1	199	0.479960697043036	0.0986168402321158	4.86692430941151	0.48824772524912	0.0989132245888757	4.93612181059186
0.5	0.2	187	0.50980410465434	0.184260050915161	2.76676415816834	0.513903827293472	0.18579543536562	2.76596583916165
0.2	0.05	195	0.184257803851351	0.0462670255291914	3.98248648457197	0.184077982707051	0.0461196520313008	3.99131334690296
0.2	0.1	151	0.211149955486102	0.110825790133303	1.90524204909461	0.210356282668445	0.111112588868767	1.89318136504669
0.2	0.2	50	0.2046985793972	0.180375475144333	1.13484706961079	0.205363026364797	0.180531721025705	1.13754538647286
0.3	0.05	199	0.304709768149723	0.0461350506456238	6.60473466237815	0.306313101904838	0.0462019630520419	6.62987201560692
0.3	0.1	193	0.346080844886888	0.0950044179767635	3.64278685409697	0.347185455209376	0.0951815823561282	3.64761171872893
0.3	0.2	129	0.285781713358581	0.17969607680989	1.59036145046686	0.285087701497012	0.179931229804178	1.58442590431509
0.4	0.05	200	0.387076623994081	0.0535513877254874	7.2281343291848	0.383532304582787	0.0535939695385925	7.15625858440302
0.4	0.1	197	0.41959900409223	0.0955557987922415	4.39114119075628	0.422040957985656	0.0960629527582962	4.3933789860442
0.4	0.2	164	0.410738845577358	0.184546651302451	2.22566404038513	0.410700928299604	0.185959744525928	2.20854749691454
0.5	0.05	200	0.507434354685302	0.053425103277993	9.49805098260476	0.505799764030508	0.0536066526490189	9.43539167315953
0.5	0.1	199	0.554521567205286	0.109061482775135	5.08448586150815	0.556066512628186	0.109148653799563	5.09457966975323
0.5	0.2	184	0.511340245828685	0.199779619425163	2.55952157332161	0.503399240743351	0.198103596395971	2.54109087316695
0.2	0.05	194	0.19705550262051	0.0545964360352112	3.60931073400875	0.197452400188616	0.0544021770354151	3.62949446048964
0.2	0.1	164	0.199578797294139	0.0992384207394511	2.0111041248644	0.200330290838637	0.0995379541897007	2.01260205184491
0.2	0.2	14	0.173286134375656	0.178647623803528	0.96998846492485	0.170694459973975	0.17595401029639	0.970108380516275
0.3	0.05	200	0.290985202197329	0.052303735305136	5.56337325622622	0.29132860280879	0.0524076363178947	5.55889605556042
0.3	0.1	185	0.317944043582303	0.09877650194384	3.21882266860465	0.316560583576662	0.0982696197495699	3.22134739488546
0.3	0.2	103	0.280782054864136	0.198455747308354	1.41483458490051	0.2835169443484	0.201553335517435	1.40665964976737
0.4	0.05	200	0.431565070750267	0.0513503047370823	8.40433319646134	0.431202453806459	0.051250198554756	8.41367381915135
0.4	0.1	198	0.438807312994603	0.109587070802312	4.00418872210009	0.437247631564721	0.109167967750276	4.00527407970931
0.4	0.2	130	0.374214758189152	0.22988982497474	1.62780043975531	0.380019006772271	0.23342506101187	1.62801288398484
0.5	0.05	200	0.506290142379108	0.055231369136346	9.16671359584195	0.505416460674625	0.0554046976106489	9.12226728907338
0.5	0.1	200	0.576283740174468	0.111763653799774	5.15627147629666	0.574677707381732	0.111999430824477	5.13107703451061
0.5	0.2	188	0.47470103720333	0.183443526385414	2.58772302602811	0.470438914718206	0.182683355684657	2.57516024355423
0.2	0.05	194	0.191325898660051	0.0472396771406485	4.05011020906026	0.191614237839618	0.0473192941776942	4.04938917981459
0.2	0.1	152	0.195573105003597	0.101050351623108	1.93540251827163	0.194350313945322	0.100310373827735	1.93748967857585
0.2	0.2	28	0.199069632732781	0.189506651515947	1.05046250957597	0.194049026178423	0.184343767957275	1.05264760685263
0.3	0.05	198	0.298358751944167	0.0481825938024412	6.19225177389787	0.297692494936867	0.0482795917161023	6.16601102775234
0.3	0.1	145	0.236398679594101	0.132309432188452	1.78671071052132	0.234064019187381	0.131558884471729	1.77915782827787
0.3	0.2	160	0.408229161798522	0.192967509084525	2.11553314718753	0.404483168762074	0.191720998397155	2.10974891714353
0.4	0.05	200	0.415718846622722	0.0487136490886692	8.53392949204083	0.418755942040637	0.0487053306702243	8.59774353809369
0.4	0.1	194	0.390062798362796	0.110940315798859	3.51596978568189	0.392526989460712	0.111023151406043	3.53554177205012
0.4	0.2	131	0.351751871509462	0.217510476612133	1.61717208747011	0.354924176438258	0.21879042583801	1.62221073010316
0.5	0.05	200	0.529471408789625	0.0434400871685529	12.1885438842517	0.522733548919057	0.0433380643720822	12.0617650209545
0.5	0.1	199	0.524710730860747	0.109667983183542	4.78453889302024	0.52731057145611	0.109672640248844	4.8080411874799
0.5	0.2	181	0.508138561674683	0.20030226195564	2.5368588288195	0.514966073276192	0.203818029296066	2.52659725469209
0.2	0.05	194	0.17820860463358	0.0533133997570077	3.34266067153513	0.178640987602909	0.0533404055277423	3.34907441807877
0.2	0.1	162	0.214619322960215	0.101844583901509	2.10732190891728	0.213013205562729	0.101566520702635	2.097277765243
0.2	0.2	39	0.181127234894827	0.165426278528678	1.09491210529424	0.183648511118876	0.167805858358378	1.09441060589591
0.3	0.05	199	0.288579438306958	0.0509152548579043	5.6678384329477	0.289006571635201	0.0509786780609808	5.66916567137129
0.3	0.1	187	0.324094287217875	0.0956845770738112	3.38711103846829	0.324262386695177	0.0959236541633691	3.38042153964361
0.3	0.2	71	0.294790353229328	0.237338046129797	1.24206952082226	0.293148014003638	0.237036156521219	1.2367227781024
0.4	0.05	200	0.356430809254298	0.0454187658808878	7.84765509016802	0.356734388584279	0.0454826924978233	7.84329970353781
0.4	0.1	189	0.356632992599269	0.110958469798019	3.21411239041472	0.356550764345705	0.110917685958061	3.21455285751741
0.4	0.2	160	0.410150099230308	0.196764818771332	2.08446866564576	0.416374522203334	0.201301163947219	2.06841587022571
0.5	0.05	200	0.496525545836978	0.0505646172270587	9.81962433547844	0.497752098519471	0.0504747402674504	9.8614098038352
0.5	0.1	197	0.439770552291472	0.0969548175200173	4.53582981784971	0.439497566026929	0.0970920300418335	4.52660806286124
0.5	0.2	188	0.539799432875368	0.200060872504373	2.69817594074308	0.545367611008802	0.204525873606034	2.66649691500309
